Hoofdtelefoonnummer,;088-1881244
Aadorp,;
Aagtekerke,;
Aalden,;
Aalsmeer,;0297-303144
Aalsmeerderbrug,;
Aalst,;
Aalsum,;
Aalten,;
Aardenburg,;
Aarlanderveen,;
Aarle Rixtel,;
Aartswoud,;
Abbega,;
Abbekerk,;
Abbenbroek,;
Abbenes,;
Abcoude,;
Achlum,;
Achterveld,;
Achterveld,;
Achthuizen,;
Achtmaal,;
Acquoy,;
Adorp,;
Aduard,;
Aerdenhout,;
Aerdt,;
Afferden,;
Afferden L,;
Agelo,;
Akersloot,;
Akkrum,;
Akmarijp,;
Albergen,;
Alblasserdam,;
Alde Leie,;
Aldeboarn,;
Aldtsjerk,;
Alem,;
Alkmaar,;072-7600790
Allingawier,;
Almelo,;0546-241030 
Almen,;
Almere,;036-7601181 
Almkerk,;
Alphen,;
Alphen,;
Alphen aan den Rijn,;0172-251313 
Alteveer,;
Alteveer,;
Alteveer,;
Alteveer gem Hoogeveen,;
Altforst,;
Ambt Delden,;
Ameide,;
Amen,;
America,;
Amerongen,;
Amersfoort,;033-2048566 
Ammerstol,;
Ammerzoden,;
Amstelhoek,;
Amstelveen,;020-7600875
Amstenrade,;
Amsterdam,;020-7600875 
Amsterdam West,;020-7600875
Amsterdam Noord,;020-7600875
Amsterdam Oost,;020-7600875 
Amsterdam Zuid,;020-7600875 
Amsterdam Zuidoost,;020-7600875 
Amsterdam Centrum,;020-7600875 
Amsterdam Duivendrecht,;020-7600875 
Andel,;
Andelst,;
Anderen,;
Andijk,;
Ane,;
Anerveen,;
Anevelde,;
Angeren,;
Angerlo,;
Anjum,;
Ankeveen,;
Anloo,;
Anna Paulowna,;
Annen,;
Annerveenschekanaal,;
Ansen,;
Ansen,;
Apeldoorn,;055-2049282 
Appelscha,;
Appeltern,;
Appingedam,;
Arcen,;
Arkel,;
Arnemuiden,;
Arnhem,;026-2051044 
Arriën;
Arum,;
Asch,;
Asperen,;
Asse,;
Assen,;0592-217166 
Assendelft,;
Asten,;088-1881244 
Augsbuurt,;
Augustinusga,;
Austerlitz,;
Avenhorn,;
Axel,;
Azewijn,;
Baaiduinen,;
Baaium,;
Baak,;
Baambrugge,;
Baard,;
Baarland,;
Baarle Nassau,;
Baarlo,;
Baarlo,;
Baarn,;035-7601188 
Baars,;
Babberich,;
Babyloniënbroek;
Bad Nieuweschans,;
Badhoevedorp,;
Baexem,;
Baflo,;
Bakel,;
Bakhuizen,;
Bakkeveen,;
Balgoij,;
Balinge,;
Balk,;
Balkbrug,;
Balloërveld;
Balloo,;
Ballum,;
Baneheide,;
Banholt,;
Bant,;
Bantega,;
Barchem,;
Barendrecht,;0180-229099 
Barger Compascuum,;
Barneveld,;
Barsingerhorn,;
Basse,;
Batenburg,;
Bathmen,;
Bavel,;
Bavel AC,;
Bears,;
Bedum,;
Beegden,;
Beek,;
Beek,;
Beek,;
Beek en Donk,;
Beekbergen,;
Beemte Broekland,;
Beers NB,;
Beerta,;
Beerze,;
Beerzerveld,;
Beesd,;
Beesel,;
Beets,;
Beetsterzwaag,;
Beilen,;
Beinsdorp,;
Belfeld,;
Bellingwolde,;
Belt Schutsloot,;
Beltrum,;
Bemelen,;
Bemmel,;
Beneden Leeuwen,;
Bennebroek,;
Bennekom,;
Benneveld,;
Benningbroek,;
Benschop,;
Bentelo,;
Benthuizen,;
Bentveld,;
Berg en Dal,;
Berg en Terblijt,;
Bergambacht,;
Bergeijk,;
Bergen (NH),;
Bergen aan Zee,;
Bergen L,;
Bergen op Zoom,;0164-760330 
Bergentheim,;
Bergharen,;
Berghem,;
Bergschenhoek,;
Beringe,;
Berkel en Rodenrijs,;
Berkel en Rodenrijs,;
Berkel Enschot,;
Berkenwoude,;
Berkhout,;
Berlicum,;
Berltsum,;
Bern,;
Best,;0499-219069 
Beugen,;
Beuningen,;
Beuningen Gld,;
Beusichem,;
Beutenaken,;
Beverwijk,;0251- 760064 
Biddinghuizen,;
Bierum,;
Biervliet,;
Biervliet,;
Biest Houtakker,;
Biezenmortel,;
Biggekerke,;
Bilthoven,;
Bingelrade,;
Bitgum,;
Bitgummole,;
Bladel,;
Blankenham,;
Blaricum,;
Blauwestad,;
Blauwhuis,;
Bleiswijk,;
Blesdijke,;
Bleskensgraaf ca,;
Blessum,;
Blije,;
Blijham,;
Blitterswijck,;
Bloemendaal,;
Blokker,;
Blokzijl,;
Boazum,;
Bocholtz,;
Bodegraven,;
Boekel,;
Boelenslaan,;
Boer,;
Boerakker,;
Boerakker,;
Boesingheliede,;
Boijl,;
Boksum,;
Bolsward,;
Bontebok,;
Boornbergum,;
Boornzwaag,;
Borculo,;
Borger,;
Borgercompagnie,;
Borgercompagnie,;
Borgsweer,;
Born,;
Borne,;
Bornerbroek,;
Bornwird,;
Borssele,;
Bosch en Duin,;
Boschoord,;
Boskoop,;
Bosschenhoofd,;
Botlek Rotterdam,;
Bourtange,;
Boven Leeuwen,;
Bovenkarspel,;
Bovensmilde,;
Boxmeer,;
Boxtel,;
Braamt,;
Brakel,;
Brandwijk,;
Brantgum,;
Breda,;076-2059390 
Bredevoort,;
Breedenbroek,;
Breezand,;
Breezanddijk,;
Breskens,;
Breukelen,;
Breukeleveen,;
Brielle,;
Briltil,;
Britsum,;
Britswert,;
Broek,;
Broek in Waterland,;
Broek op Langedijk,;
Broekhuizen,;
Broekhuizen,;
Broekhuizenvorst,;
Broekland,;
Broeksterwâld;
Bronkhorst,;
Bronneger,;
Bronnegerveen,;
Brouwershaven,;
Bruchem,;
Brucht,;
Bruchterveld,;
Bruinehaar,;
Bruinisse,;
Brummen,;
Brunssum,;
Bruntinge,;
Buchten,;
Budel,;
Budel Dorplein,;
Budel Schoot,;
Buggenum,;
Buinen,;
Buinerveen,;
Buitenkaag,;
Buitenpost,;
Bunde,;
Bunne,;
Bunnik,;
Bunschoten Spakenburg,;
Burdaard,;
Buren,;
Buren,;
Burgerbrug,;
Burgerveen,;
Burgh Haamstede,;
Burgum,;
Burgwerd,;
Burum,;
Bussum,;035-7601188 
Buurmalsen,;
Buurmalsen,;
Cadier en Keer,;
Cadzand,;
Callantsoog,;
Capelle aan den Ijssel,;010-3105140 
Castelre,;
Castenray,;
Casteren,;
Castricum,;0251-760064 
Chaam,;
Clinge,;
Coevorden,;
Colijnsplaat,;
Collendoorn,;
Colmschate,;
Cornwerd,;
Cothen,;
Creil,;
Cromvoirt,;
Cruquius,;
Cuijk,;
Culemborg,;0345-254002 
Daarle,;
Daarlerveen,;
Dalem,;
Dalen,;
Dalerpeel,;
Dalerveen,;
Dalfsen,;
Dalmsholte,;
Damwâld;
Darp,;
De Bilt,;
De Blesse,;
De Bult,;
De Cocksdorp,;
De Falom,;
De Glind,;
De Goorn,;
De Groeve,;
De Heen,;
De Heurne,;
de Hoef,;
De Hoeve,;
De Kiel,;
De Klomp,;
De Knipe,;
De Koog,;
De Krim,;
De Kwakel,;
De Lier,;
de Lutte,;
De Meern,;
De Moer,;
De Mortel,;
De Pol,;
De Punt,;
De Rijp,;
De Rips,;
De Schiphorst,;
De Steeg,;
De Tike,;
De Veenhoop,;
De Waal,;
De Weere,;
De Westereen,;
de Wijk,;
De Wilgen,;
De Wilp,;
de Woude,;
De Zilk,;
Dearsum,;
Dedemsvaart,;
Dedgum,;
Deelen,;
Deest,;
Deil,;
Deinum,;
Delden,;
Delfgauw,;
Delfstrahuizen,;
Delft,;015-3061080 
Delfzijl,;
Delwijnen,;
Demen,;
Den Andel,;
Den Bommel,;
Den Burg,;
Den Dolder,;
Den Dungen,;
Den Ham,;
Den Ham,;
Den Helder,;022-3760021 
Den Hoorn,;
Den Hoorn,;
Den Horn,;
Den Hout,;
Den Ilp,;
Den Oever,;
Den Velde,;
Denekamp,;
Deurne,;
Deurningen,;
Deurningen,;
Deursen Dennenburg,;
Deurze,;
Deventer,;0570-234022 
Didam,;
Dieden,;
Diemen,;020-7600875 
Diepenheim,;
Diepenveen,;
Dieren,;
Diessen,;
Diever,;
Dieverbrug,;
Diffelen,;
Dijken,;
Dinteloord,;
Dinxperlo,;
Diphoorn,;
Dirkshorn,;
Dirksland,;
Dodewaard,;
Doenrade,;
Doesburg,;
Doetinchem,;0314-216230 
Doeveren,;
Doezum,;
Dokkum,;
Doldersum,;
Domburg,;
Donderen,;
Dongen,;0162-241002 
Dongjum,;
Doniaga,;
Donkerbroek,;
Doorn,;
Doornenburg,;
Doornspijk,;
Doorwerth,;
Dordrecht,;078-2048191 
Dorst,;
Drachten,;0512-232121 
Drachten Azeven,;
Drachtstercompagnie,;
Dreischor,;
Drempt,;
Dreumel,;
Driebergen Rijsenburg,;
Drieborg,;
Driebruggen,;
Driehuis NH,;
Driehuizen,;
Driel,;
Driewegen,;
Driezum,;
Drijber,;
Drimmelen,;
Drogeham,;
Drogteropslagen,;
Drongelen,;
Dronryp,;
Dronten,;0321-230033 
Drouwen,;
Drouwenermond,;
Drouwenerveen,;
Drunen,;
Druten,;
Duiven,;
Duivendrecht,;
Duizel,;
Dussen,;
Dwingeloo,;
Eagum,;
Earnewâld,;
Easterein,;
Easterlittens,;
Eastermar,;
Easterwierrum,;
Echt,;
Echteld,;
Echten,;
Echten,;
Echtenerbrug,;
Eck en Wiel,;
Eckelrade,;
Edam,;
Ede,;0318-261040 
Ederveen,;
Ee,;
Eede,;
Eefde,;
Eelde,;
Eelderwolde,;
Eemdijk,;
Eemnes,;
Eemshaven,;
Een,;
Een West,;
Eenrum,;
Eenum,;
Eerbeek,;
Eersel,;
Ees,;
Eesergroen,;
Eeserveen,;
Eesterga,;
Eesveen,;
Eethen,;
Eext,;
Eexterveen,;
Eexterveenschekanaal,;
Eexterzandvoort,;
Egchel,;
Egmond aan den Hoef,;
Egmond aan Zee,;
Egmond Binnen,;
Eibergen,;
Eijsden,;
Eindhoven,;040-2319688 
Einighausen,;
Ekehaar,;
Elahuizen,;
Elburg,;
Eldersloo,;
Eleveld,;
Elim,;
Elkenrade,;
Ell,;
Ellecom,;
Ellemeet,;
Ellertshaar,;
Ellewoutsdijk,;
Elp,;
Elsendorp,;
Elshout,;
Elsloo,;
Elsloo,;
Elspeet,;
Elst,;
Elst Ut,;
Emmeloord,;0527-441000 
Emmen,;0591-238050 
Emmer Compascuum,;
Empe,;
Emst,;
Engwierum,;
Enkhuizen,;
Ens,;
Enschede,;053-2068424 
Enspijk,;
Enter,;
Enumatil,;
Epe,;088-1881244 
Epen,;
Eppenhuizen,;
Epse,;
Erica,;
Erichem,;
Erlecom,;
Erm,;
Ermelo,;
Erp,;
Esbeek,;
Esch,;
Escharen,;
Espel,;
Est,;
Etten,;
Etten Leur,;076-2059390
Europoort Rotterdam,;
Eursinge,;
Eursinge,;
Everdingen,;
Evertsoord,;
Ewijk,;
Exloërveen,;
Exloo,;
Exmorra,;
Eygelshoven,;
Eys,;
Ezinge,;
Farmsum,;
Feanwâlden,;
Feerwerd,;
Feinsum,;
Ferwert,;
Ferwoude,;
Fijnaart,;
Finsterwolde,;
Firdgum,;
Fleringen,;
Fluitenberg,;
Fochteloo,;
Follega,;
Folsgare,;
Formerum,;
Foudgum,;
Foxhol,;
Foxwolde,;
Franeker,;
Frederiksoord,;
Friens,;
Frieschepalen,;
Froombosch,;
Gaanderen,;
Gaast,;
Gaastemeer,;
Galder,;
Gameren,;
Gapinge,;
Garderen,;
Garmerwolde,;
Garminge,;
Garnwerd,;
Garrelsweer,;
Garsthuizen,;
Garyp,;
Gassel,;
Gasselte,;
Gasselternijveen,;
Gasselternijveenschemond,;
Gastel,;
Gasteren,;
Gauw,;
Geelbroek,;
Geerdijk,;
Geersdijk,;
Geertruidenberg,;
Geervliet,;
Gees,;
Geesbrug,;
Geesteren,;
Geesteren,;
Geeuwenbrug,;
Geffen,;
Geijsteren,;
Geldermalsen,;0345-254002 
Gelderswoude,;
Geldrop,;040-2319688 
Geleen,;
Gellicum,;
Gelselaar,;
Gemert,;
Gemonde,;
Genderen,;
Gendringen,;
Gendt,;
Genemuiden,;
Gennep,;
Gerkesklooster,;
Gersloot,;
Geulle,;
Giesbeek,;
Giessen,;
Giessenburg,;
Gieten,;
Gieterveen,;
Giethmen,;
Giethoorn,;
Gilze,;
Ginnum,;
Glane,;
Glimmen,;
Godlinze,;
Goedereede,;
Goënga,;
Goëngahuizen,;
Goes,;
Goingarijp,;
Goirle,;
Goor,;
Gorinchem,;0183-216011 
Gorredijk,;
Gorssel,;
Gouda,;0182-441190 
Gouderak,;
Goudriaan,;
Goudswaard,;
Goutum,;
Graauw,;
Grafhorst,;
Graft,;
Gramsbergen,;
Grashoek,;
Grathem,;
Grave,;
Greonterp,;
Grevenbicht,;
Griendtsveen,;
Grijpskerk,;
Grijpskerke,;
Groede,;
Groenekan,;
Groeningen,;
Groenlo,;
Groesbeek,;
Groessen,;
Groet,;
Grolloo,;
Groningen,;050-2069180 
Gronsveld,;
Groot Ammers,;
Grootebroek,;
Grootegast,;
Grootschermer,;
Grou,;
Grubbenvorst,;
Gulpen,;
Guttecoven,;
Gytsjerk,;
Haaften,;
Haaksbergen,;
Haalderen,;
Haaren,;
Haarle,;
Haarle,;
Haarlem,;023-2049720 
Haarlemmerliede,;
Haarlo,;
Haarsteeg,;
Haarzuilens,;
Haastrecht,;
Haelen,;
Hagestein,;
Haghorst,;
Haler,;
Halfweg,;
Hall,;
Halle,;
Hallum,;
Halsteren,;
Handel,;
Hank,;
Hansweert,;
Hantum,;
Hantumeruitburen,;
Hantumhuizen,;
Hapert,;
Haps,;
Harbrinkhoek,;
Hardenberg,;0523-225200 
Harderwijk,;0341-217044 
Hardinxveld Giessendam,;
Haren,;
Haren,;
Harfsen,;
Harich,;
Haringhuizen,;
Harkema,;
Harkstede,;
Harkstede GN,;
Harlingen,;
Harmelen,;
Harreveld,;
Harskamp,;
Hartwerd,;
Haskerdijken,;
Haskerhorne,;
Hasselt,;
Hattem,;
Hattemerbroek,;
Haule,;
Haulerwijk,;
Hauwert,;
Havelte,;
Havelterberg,;
Hazerswoude Dorp,;
Hazerswoude Rijndijk,;
Hedel,;
Hedikhuizen,;
Hee,;
Heeg,;
Heel,;
Heelsum,;
Heelweg,;
Heemserveen,;
Heemskerk,;0251-760064 
Heemstede,;
Heenvliet,;
Heerde,;
Heerenveen,;0513-226060  
Heerewaarden,;
Heerhugowaard,;072-7600790 
Heerjansdam,;
Heerle,;
Heerlen,;045-2078006 
Heesbeen,;
Heesch,;
Heesselt,;
Heeswijk Dinther,;
Heeten,;
Heeze,;
Hegebeintum,;
Hegelsom,;
Hei  en Boeicop,;
Heibloem,;
Heide,;
Heijen,;
Heijenrath,;
Heijningen,;
Heikant,;
Heilig Landstichting,;
Heiligerlee,;
Heiloo,;072-7600790 
Heinenoord,;
Heinkenszand,;
Heino,;
Hekelingen,;
Hekendorp,;
Helden,;
Helenaveen,;
Hellendoorn,;
Hellevoetsluis,;0181-301010 
Hellouw,;
Hellum,;
Helmond,;0492-760075 
Helvoirt,;
Hem,;
Hemelum,;
Hemmen,;
Hempens,;
Hemrik,;
Hendrik Ido Ambacht,;
Hengelo,;074-2051323 
Hengelo (Gld),;
Hengevelde,;
Hengstdijk,;
Hensbroek,;
Herbaijum,;
Herkenbosch,;
Herkingen,;
Hernen,;
Herpen,;
Herpt,;
Herten,;
Hertme,;
Herveld,;
Herwen,;
Herwijnen,;
Heteren,;
Heukelom,;
Heukelum,;
Heumen,;
Heusden,;
Heusden,;
Heveadorp,;
Heythuysen,;
Hezingen,;
Hiaure,;
Hichtum,;
Hidaard,;
Hierden,;
Hieslum,;
Hijken,;
Hijum,;
Hilaard,;
Hillegom,;
Hilvarenbeek,;
Hilversum,;035-7601188 
Hindeloopen,;
Hinnaard,;
Hippolytushoef,;
Hitzum,;
Hobrede,;
Hoedekenskerke,;
Hoef en Haag,;
Hoek,;
Hoek van Holland,;
Hoenderloo,;
Hoenderloo,;
Hoensbroek,;
Hoenzadriel,;
Hoevelaken,;
Hoeven,;
Hoge Hexel,;
Hollandsche Rading,;
Hollandscheveld,;
Hollum,;
Holsloot,;
Holten,;
Holthees,;
Holtheme,;
Holthone,;
Holtum,;
Holwerd,;
Holwierde,;
Hommerts,;
Homoet,;
Honselersdijk,;
Hoofddorp,;023-2049720 
Hoofdplaat,;
Hoog Keppel,;
Hoog Soeren,;
Hoogblokland,;
Hooge Mierde,;
Hooge Zwaluwe,;
Hoogeloon,;
Hoogenweg,;
Hoogerheide,;
Hoogersmilde,;
Hoogersmilde,;
Hoogeveen,;0528-217011 
Hoogezand,;
Hooghalen,;
Hoogkarspel,;
Hoogland,;
Hooglanderveen,;
Hoogmade,;
Hoogvliet Rotterdam,;
Hoogwoud,;
Hoorn,;0229-317021 
Hoorn,;0229-317021 
Hoornaar,;
Hoornsterzwaag,;
Horn,;
Hornhuizen,;
Horssen,;
Horst,;
Houten,;030-7601228 
Houtigehage,;
Houwerzijl,;
Huijbergen,;
Huis ter Heide,;
Huis ter Heide,;
Huisduinen,;
Huisseling,;
Huissen,;
Huizen,;035-7601188 
Huizinge,;
Hulsberg,;
Hulsel,;
Hulshorst,;
Hulst,;
Hulten,;
Hummelo,;
H�ns,;
Hunsel,;
Hurdegaryp,;
Hurwenen,;
Idaerd,;
Idsegahuizum,;
Idskenhuizen,;
Idzega,;
Iens,;
IJhorst,;
IJlst,;
IJmuiden,;0255-216031 
IJsselham,;
IJsselmuiden,;
IJsselstein,;030-7601228 
IJzendijke,;
IJzendoorn,;
Ilpendam,;
Indijk,;
Ingber,;
Ingelum,;
Ingen,;
It Heidenskip,;
Itens,;
Ittervoort,;
Jaarsveld,;
Jabeek,;
Jannum,;
Jellum,;
Jelsum,;
Jirnsum,;
Jislum,;
Jisp,;
Jistrum,;
Jonkerslân,;
Jonkersvaart,;
Joppe,;
Jorwert,;
Joure,;
Jouswier,;
Jubbega,;
Julianadorp,;
Jutrijp,;
Kaag,;
Kaard,;
Kaatsheuvel,;
Kalenberg,;
Kallenkote,;
Kamerik,;
Kampen,;038-2038420 
Kamperland,;
Kamperveen,;
Kantens,;
Kapel Avezaath,;
Kapel Avezaath,;
Kapelle,;
Kapellebrug,;
Katlijk,;
Kats,;
Kattendijke,;
Katwijk,;071-2071010 
Katwijk NB,;
Katwoude,;
Kedichem,;
Keent,;
Keijenborg,;
Kekerdom,;
Kelpen Oler,;
Kerk Avezaath,;
Kerk Avezaath,;
Kerkdriel,;
Kerkenveld,;
Kerkrade,;
Kerkwerve,;
Kerkwijk,;
Kessel,;
Kesteren,;
Kiel Windeweer,;
Kilder,;
Kimswerd,;
Kinderdijk,;
Kinnum,;
Klaaswaal,;
Klarenbeek,;
Klarenbeek,;
Klazienaveen,;
Klazienaveen Noord,;
Klein Zundert,;
Klijndijk,;
Klimmen,;
Kloetinge,;
Kloetinge,;
Klooster Lidlum,;
Kloosterburen,;
Kloosterhaar,;
Kloosterhaar,;
Kloosterzande,;
Klundert,;
Knegsel,;
Koarnjum,;
Kockengen,;
Koedijk,;
Koedijk,;
Koekange,;
Koewacht,;
Kolderwolde,;
Kolham,;
Kolhorn,;
Kollum,;
Kollumerpomp,;
Kollumerzwaag,;
Kommerzijl,;
Koningsbosch,;
Koningslust,;
Koog aan de Zaan,;
Koolwijk,;
Kootstertille,;
Kootwijk,;
Kootwijkerbroek,;
Kornhorn,;
Kornwerderzand,;
Kortehemmen,;
Kortenhoef,;
Kortgene,;
Koudekerk aan den Rijn,;
Koudekerke,;
Koudum,;
Koufurderrige,;
Krabbendijke,;
Kraggenburg,;
Kreileroord,;
Krewerd,;
Krimpen aan de Lek,;
Krimpen aan den Ijssel,;
Kring van Dorth,;
Krommenie,;
Kronenberg,;
Kropswolde,;
Kruiningen,;
Kruisland,;
K�baard,;
Kudelstaart,;
Kuinre,;
Kuitaart,;
Kwadendamme,;
Kwadijk,;
Kwintsheul,;
Laag Keppel,;
Laag Soeren,;
Laag Zuthem,;
Lage Mierde,;
Lage Vuursche,;
Lage Zwaluwe,;
Lageland,;
Lageland GN,;
Lambertschaag,;
Lamswaarde,;
Landerum,;
Landgraaf,;
Landhorst,;
Landsmeer,;
Langbroek,;
Langedijke,;
Langelille,;
Langelo,;
Langenboom,;
Langerak,;
Langeveen,;
Langeweg,;
Langezwaag,;
Langweer,;
Laren,;
Laren,;
Lathum,;
Lattrop Breklenkamp,;
Lauwersoog,;
Lauwerzijl,;
Ledeacker,;
Leek,;
Leende,;
Leens,;
Leerbroek,;
Leerdam,;0345-254002 
Leermens,;
Leersum,;
Leeuwarden,;058-2037207 
Legemeer,;
Leiden,;071-2071010 
Leiderdorp,;
Leidschendam,;
Leimuiden,;
Leimuiderbrug,;
Lekkerkerk,;
Lekkum,;
Lellens,;
Lelystad,;0320-331022 
Lemele,;
Lemelerveld,;
Lemiers,;
Lemmer,;0514-760050 
Lengel,;
Lent,;
Leons,;
Lepelstraat,;
Lettelbert,;
Lettele,;
Leunen,;
Leur,;
Leusden,;
Leuth,;
Leutingewolde,;
Leuvenheim,;
Leveroy,;
Lewedorp,;
Lexmond,;
Lichtaard,;
Lichtenvoorde,;
Liempde,;
Lienden,;
Lierderholthuis,;
Lieren,;
Lierop,;
Lies,;
Lieshout,;
Liessel,;
Lievelde,;
Lieveren,;
Lijnden,;
Limbricht,;
Limmen,;
Linde,;
Linden,;
Linne,;
Linschoten,;
Lioessens,;
Lippenhuizen,;
Lisse,;0252-258270 
Lisserbroek,;
Lith,;
Lithoijen,;
Lobith,;
Lochem,;
Loenen,;
Loenen aan de Vecht,;
Loenersloot,;
Loënga,;
Loerbeek,;
Lollum,;
Lomm,;
Longerhouw,;
Loo Gld,;
Loo Gld,;
Loon,;
Loon op Zand,;
Loosbroek,;
Loosdrecht,;
Loozen,;
Lopik,;
Lopikerkapel,;
Loppersum,;
Losdorp,;
Losser,;
Lottum,;
Lucaswolde,;
Luddeweer,;
Luinjeberd,;
Lunteren,;
Lutjebroek,;
Lutjegast,;
Lutjewinkel,;
Luttelgeest,;
Lutten,;
Luttenberg,;
Luxwoude,;
Luyksgestel,;
Lytsewierrum,;
Maarheeze,;
Maarn,;
Maarsbergen,;
Maarssen,;0346-237000 
Maartensdijk,;
Maasbommel,;
Maasbracht,;
Maasbree,;
Maasdam,;
Maasdijk,;
Maashees,;
Maasland,;
Maassluis,;
Maastricht,;043-2061019 
Maastricht Airport,;
Maasvlakte Rotterdam,;
Macharen,;
Made,;
Makkinga,;
Makkum,;
Malden,;
Mander,;
Manderveen,;
Mantgum,;
Mantinge,;
Maren Kessel,;
Margraten,;
Maria Hoop,;
Mariahout,;
Mariaparochie,;
Mariënberg,;
Mariënheem,;
Mariënvelde,;
Marijenkampen,;
Markelo,;
Marken,;
Markenbinnen,;
Marknesse,;
Marle,;
Marrum,;
Marsum,;
Marum,;
Marwijksoord,;
Mastenbroek,;
Mastenbroek,;
Matsloot,;
Maurik,;
Mechelen,;
Medemblik,;
Meeden,;
Meedhuizen,;
Meerkerk,;
Meerlo,;
Meerssen,;
Meerstad,;
Meeuwen,;
Megchelen,;
Megen,;
Meijel,;
Melderslo,;
Melick,;
Meliskerke,;
Melissant,;
Menaam,;
Mensingeweer,;
Meppel,;0522-215010 
Meppen,;
Merkelbeek,;
Merselo,;
Meteren,;
Meterik,;
Metslawier,;
Mheer,;
Middelaar,;
Middelburg,;
Middelharnis,;
Middelie,;
Middelstum,;
Middenbeemster,;
Middenmeer,;
Midlaren,;
Midlum,;
Midsland,;
Midwolda,;
Midwolde,;
Midwoud,;
Miedum,;
Mierlo,;
Mijdrecht,;
Mijnsheerenland,;
Mildam,;
Milheeze,;
Mill,;
Millingen aan de Rijn,;
Milsbeek,;
Minnertsga,;
Mirns,;
Moddergat,;
Moerdijk,;
Moergestel,;
Moerkapelle,;
Moerstraten,;
Molenaarsgraaf,;
Molenhoek,;
Molenschot,;
Molkwerum,;
Monnickendam,;
Monster,;
Montfoort,;
Montfort,;
Mook,;
Mookhoek,;
Moordrecht,;
Moorveld,;
Morra,;
Muiden,;
Muiderberg,;
M�nein,;
Munnekeburen,;
Munnekezijl,;
Munstergeleen,;
Muntendam,;
Mussel,;
Musselkanaal,;
Naaldwijk,;
Naarden,;035-7601188 
Nagele,;
Nederasselt,;
Nederhemert,;
Nederhorst den Berg,;
Nederland,;
Nederweert,;
Nederweert Eind,;
Neede,;
Neer,;
Neerijnen,;
Neeritter,;
Neerkant,;
Neerlangel,;
Neerloon,;
Nes,;
Nes,;
Nes,;
Netersel,;
Netterden,;
Niawier,;
Nibbixwoud,;
Niebert,;
Niehove,;
Niekerk,;
Niekerk,;
Nietap,;
Nieuw  en Sint Joosland,;
Nieuw Amsterdam,;
Nieuw Annerveen,;
Nieuw Balinge,;
Nieuw Beerta,;
Nieuw Beijerland,;
Nieuw Buinen,;
Nieuw Dordrecht,;
Nieuw Heeten,;
Nieuw Lekkerland,;
Nieuw Namen,;
Nieuw Roden,;
Nieuw Scheemda,;
Nieuw Schoonebeek,;
Nieuw Vennep,;0252-258270 
Nieuw Vossemeer,;
Nieuw Weerdinge,;
Nieuwaal,;
Nieuwdorp,;
Nieuwe Niedorp,;
Nieuwe Pekela,;
Nieuwe Tonge,;
Nieuwe Wetering,;
Nieuwebrug,;
Nieuwediep,;
Nieuwegein,;030-7601228 
Nieuwehorne,;
Nieuwendijk,;
Nieuwer Ter Aa,;
Nieuwerbrug aan den Rijn,;
Nieuwerkerk,;
Nieuwerkerk aan den IJssel,;
Nieuweroord,;
Nieuweroord,;
Nieuwersluis,;
Nieuweschoot,;
Nieuwkoop,;
Nieuwkuijk,;
Nieuwland,;
Nieuwlande,;
Nieuwlande Coevorden,;
Nieuwleusen,;
Nieuwolda,;
Nieuwpoort,;
Nieuwstadt,;
Nieuwveen,;
Nieuwvliet,;
Niezijl,;
Niftrik,;
Nigtevecht,;
Nij Altoenae,;
Nij Beets,;
Nijbroek,;
Nijeberkoop,;
Nijega,;
Nijehaske,;
Nijeholtpade,;
Nijeholtwolde,;
Nijelamer,;
Nijemirdum,;
Nijensleek,;
Nijetrijne,;
Nijeveen,;
Nijhuizum,;
Nijkerk,;
Nijkerkerveen,;
Nijland,;
Nijlande,;
Nijmegen,;024-2042355 
Nijverdal,;
Nispen,;
Nisse,;
Nistelrode,;
Noardburgum,;
Nooitgedacht,;
Noorbeek,;
Noord Scharwoude,;
Noord Sleen,;
Noordbeemster,;
Noordbroek,;
Noordeinde,;
Noordeinde Gld,;
Noordeloos,;
Noorden,;
Noordgouwe,;
Noordhoek,;
Noordhorn,;
Noordlaren,;
Noordscheschut,;
Noordwelle,;
Noordwijk,;
Noordwijk,;
Noordwijkerhout,;
Noordwolde,;
Noordwolde,;
Nootdorp,;
Norg,;
Notter,;
Nuenen,;040-2319688 
Nuis,;
Nuland,;
Numansdorp,;
Nunhem,;
Nunspeet,;
Nuth,;
Nutter,;
Obbicht,;
Obdam,;
Ochten,;
Odijk,;
Odiliapeel,;
Odoorn,;
Odoornerveen,;
Oeffelt,;
Oegstgeest,;
Oene,;
Oentsjerk,;
Offingawier,;
Ohé en Laak,;
Oijen,;
Oirlo,;
Oirsbeek,;
Oirschot,;
Oisterwijk,;
Okkenbroek,;
Olburgen,;
Oldeberkoop,;
Oldebroek,;
Oldeholtpade,;
Oldeholtwolde,;
Oldehove,;
Oldekerk,;
Oldelamer,;
Oldemarkt,;
Oldenzaal,;
Oldenzijl,;
Oldeouwer,;
Oldetrijne,;
Olst,;
Olterterp,;
Ommel,;
Ommen,;
Ommeren,;
Onderdendam,;
Onna,;
Onnen,;
Onstwedde,;
Ooij,;
Ooltgensplaat,;
Oost Graftdijk,;
Oost Souburg,;
Oost West en Middelbeers,;
Oostburg,;
Oostdijk,;
Oosteind,;
Oosterbeek,;
Oosterbierum,;
Oosterblokker,;
Oosterend,;
Oosterend,;
Oosterhesselen,;
Oosterhout,;0162-241002 
Oosterhout,;0162-241002 
Oosterland,;
Oosterleek,;
Oosternieland,;
Oosternijkerk,;
Oosterstreek,;
Oosterwijk,;
Oosterwijtwerd,;
Oosterwolde,;
Oosterwolde,;
Oosterzee,;
Oosthem,;
Oosthuizen,;
Oostkapelle,;
Oostknollendam,;
Oostrum,;
Oostrum,;
Oostvoorne,;
Oostwold,;
Oostwold,;
Oostwoud,;
Oostzaan,;
Ootmarsum,;
Opeinde,;
Opende,;
Ophemert,;
Opheusden,;
Opijnen,;
Oploo,;
Opmeer,;
Oppenhuizen,;
Opperdoes,;
Oranje,;
Oranjewoud,;
Orvelte,;
Ospel,;
Oss,;0412-760666 
Ossendrecht,;
Ossenisse,;
Ossenwaard,;
Ossenzijl,;
Oterleek,;
Otterlo,;
Ottersum,;
Ottoland,;
Oud Ade,;
Oud Alblas,;
Oud Annerveen,;
Oud Beijerland,;
Oud Gastel,;
Oud Ootmarsum,;
Oud Vossemeer,;
Oud Zuilen,;
Ouddorp,;
Oude Meer,;
Oude Niedorp,;
Oude Pekela,;
Oude Tonge,;
Oude Wetering,;
Oude Willem,;
Oudebildtzijl,;
Oudega,;
Oudega,;
Oudega,;
Oudehaske,;
Oudehorne,;
Oudelande,;
Oudemirdum,;
Oudemolen,;
Oudemolen,;
Oudenbosch,;
Oudendijk,;
Oudenhoorn,;
Ouderkerk aan de Amstel,;
Ouderkerk aan den IJssel,;
Oudeschans,;
Oudeschild,;
Oudeschip,;
Oudeschoot,;
Oudesluis,;
Oudewater,;
Oudezijl,;
Oudheusden,;
Oudkarspel,;
Oudkarspel,;
Oudorp,;
Oudwoude,;
Ouwerkerk,;
Ouwster Nijega,;
Ouwsterhaule,;
Overasselt,;
Overberg,;
Overdinkel,;
Overlangel,;
Overloon,;
Overschild,;
Overslag,;
Overveen,;
Ovezande,;
Paasloo,;
Paesens,;
Pannerden,;
Panningen,;
Papekop,;
Papendrecht,;078-2048191 
Papenhoven,;
Papenvoort,;
Parrega,;
Paterswolde,;
Peest,;
Peins,;
Peize,;
Peperga,;
Pernis Rotterdam,;
Persingen,;
Pesse,;
Pesse,;
Petten,;
Philippine,;
Piaam,;
Piershil,;
Pieterburen,;
Pietersbierum,;
Pieterzijl,;
Pijnacker,;015-3061080 
Pingjum,;
Plasmolen,;
Poederoijen,;
Poeldijk,;
Polsbroek,;
Poortugaal,;
Poortvliet,;
Poppenwier,;
Posterholt,;
Prinsenbeek,;
Puiflijk,;
Punthorst,;
Purmer,;
Purmer,;
Purmerend,;0299-231211 
Purmerland,;
Puth,;
Putte,;
Putten,;0341-217044 
Puttershoek,;
Raalte,;
Raamsdonk,;
Raamsdonksveer,;
Raard,;
Radewijk,;
Radio Kootwijk,;
Raerd,;
Randwijk,;
Ransdaal,;
Rasquert,;
Ravenstein,;
Ravenswaaij,;
Ravenswoud,;
Readtsjerk,;
Reah�s,;
Reduzum,;
Reek,;
Reeuwijk,;
Reijmerstok,;
Reitsum,;
Rekken,;
Renesse,;
Renkum,;
Renswoude,;
Ressen,;
Retranchement,;
Reusel,;
Reutum,;
Reuver,;
Rha,;
Rheden,;
Rhee,;
Rheeze,;
Rheezerveen,;
Rhenen,;
Rhenoy,;
Rhoon,;
Ridderkerk,;0180-229099 
Ried,;
Riel,;
Rien,;
Riethoven,;
Rietmolen,;
Rijen,;
Rijkevoort,;
Rijkevoort De Walsert,;
Rijnsaterwoude,;
Rijnsburg,;
Rijpwetering,;
Rijs,;
Rijsbergen,;
Rijsenhout,;
Rijssen,;
Rijswijk,;
Rijswijk (GLD),;
Rijswijk (NB),;
Rilland,;
Rinsumageast,;
Ritthem,;
Rockanje,;
Roden,;
Roderesch,;
Roderwolde,;
Roelofarendsveen,;
Roermond,;0475-227144 
Rogat,;
Roggel,;
Rohel,;
Rolde,;
Roodeschool,;
Roosendaal,;0165-235020 
Roosteren,;
Rosmalen,;
Rossum,;
Rossum,;
Roswinkel,;
Rotstergaast,;
Rotsterhaule,;
Rotterdam,;010-3105140
Rotterdam Centrum,;010-3105140
Rotterdam Noord,;010-3105140
Rotterdam West,;010-3105140
Rotterdam Zuid,;010-3105140
Rotterdam Alexander,;010-3105140
Rotterdam Albrandswaard,;010-3105140
Rottevalle,;
Rottum,;
Rottum,;
Rouveen,;
Rozenburg,;
Rozenburg,;
Rozendaal,;
Rucphen,;
Ruigahuizen,;
Ruinen,;
Ruinen,;
Ruinerwold,;
Rumpt,;
Rutten,;
Ruurlo,;
Ryptsjerk,;
s Graveland,;
s Gravendeel,;
Den Haag;070-2092711 
s Gravenhage,;
's Gravenmoer,;
s Gravenpolder,;
s Gravenzande,;
s Heer Abtskerke,;
s Heer Arendskerke,;
s Heer Hendrikskinderen,;
s Heerenberg,;
s Heerenbroek,;
s Heerenhoek,;
s Hertogenbosch ,;
Den Bosch,;073-2048454 
Saaksum,;
Saasveld,;
Saaxumhuizen,;
Sambeek,;
Sandfirden,;
Santpoort Noord,;
Santpoort Zuid,;
Sappemeer,;
Sas van Gent,;
Sassenheim,;
Sauwerd,;
Schagen,;0224-239030 
Schagerbrug,;
Schaijk,;
Schalkhaar,;
Schalkwijk,;
Schalsum,;
Schardam,;
Scharendijke,;
Scharmer,;
Scharnegoutum,;
Scharsterbrug,;
Scharwoude,;
Scheemda,;
Scheerwolde,;
Schellinkhout,;
Schelluinen,;
Schermerhorn,;
Scherpenisse,;
Scherpenzeel,;
Scherpenzeel,;
Schettens,;
Scheulder,;
Schiedam,;010-3105140 
Schiermonnikoog,;
Schijf,;
Schijndel,;
Schildwolde,;
Schimmert,;
Schin op Geul,;
Schinnen,;
Schinveld,;
Schipborg,;
Schiphol,;
Schiphol Rijk,;
Schipluiden,;
Schokland,;
Schoondijke,;
Schoonebeek,;
Schoonhoven,;0182-441190 
Schoonloo,;
Schoonoord,;
Schoonrewoerd,;
Schoorl,;
Schore,;
Schouwerzijl,;
Schraard,;
Schuinesloot,;
Sebaldeburen,;
Sellingen,;
Serooskerke,;
Serooskerke,;
Sevenum,;
Sexbierum,;
Sibculo,;
Sibculo,;
Sibrandabuorren,;
Sibrandah�s,;
Siddeburen,;
Siebengewald,;
Siegerswoude,;
Sijbekarspel,;
Silvolde,;
Simonshaven,;
Simpelveld,;
Sinderen,;
Sint Agatha,;
Sint Annaland,;
Sint Annen,;
Sint Anthonis,;
Sint Geertruid,;
Sint Hubert,;
Sint Jansklooster,;
Sint Jansteen,;
Sint Joost,;
Sint Kruis,;
Sint Maarten,;
Sint Maartensbrug,;
Sint Maartensdijk,;
Sint Maartensvlotbrug,;
Sint Michielsgestel,;
Sint Nicolaasga,;
Sint Odiliënberg,;
Sint Oedenrode,;
Sint Pancras,;
Sint Philipsland,;
Sintjohannesga,;
Sirjansland,;
Sittard,;
Skingen,;
Slagharen,;
Slappeterp,;
Sleen,;
Sleeuwijk,;
Slenaken,;
Sliedrecht,;
Slijk Ewijk,;
Slijkenburg,;
Slochteren,;
Slootdorp,;
Sloten,;
Sluis,;
Sluiskil,;
Smakt,;
Smalle Ee,;
Smallebrugge,;
Smilde,;
Snakkerburen,;
Sneek,;0515-221020 
Snelrewaard,;
Snikzwaag,;
Soerendonk,;
Soest,;035-7601188 
Soesterberg,;
Someren,;
Sommelsdijk,;
Son en Breugel,;
Sondel,;
Sonnega,;
Spaarndam,;
Spaarndam gem. Haarlem,;
Spanbroek,;
Spanga,;
Spankeren,;
Spannum,;
Spaubeek,;
Spier,;
Spier,;
Spierdijk,;
Spijk,;
Spijk,;
Spijk Gn,;
Spijkenisse,;0181-301010 
Spijkerboor,;
Spijkerboor,;
Sprang Capelle,;
Sprundel,;
Spui,;
St. Annaparochie,;
St. Jacobiparochie,;
St. Willebrord,;
Stad aan 't Haringvliet,;
Stadskanaal,;
Stampersgat,;
Standdaarbuiten,;
Staphorst,;
Starnmeer,;
Startenhuizen,;
Startenhuizen,;
Stavenisse,;
Stavoren,;
Stedum,;
Steenbergen,;
Steenbergen,;
Steendam,;
Steenderen,;
Steenenkamer,;
Steensel,;
Steenwijk,;
Steenwijkerwold,;
Stegeren,;
Steggerda,;
Stein,;
Stellendam,;
Sterksel,;
Stevensbeek,;
Stevensweert,;
Steyl,;
Stieltjeskanaal,;
Stiens,;
Stitswerd,;
Stokkum,;
Stolwijk,;
Stompetoren,;
Stoutenburg,;
Stoutenburg Noord,;
Stramproy,;
Streefkerk,;
Striep,;
Strijbeek,;
Strijen,;
Strijensas,;
Stroe,;
Stroobos,;
Stuifzand,;
Stuifzand,;
Sumar,;
Surhuisterveen,;
Surhuizum,;
Susteren,;
Suwâld,;
Swalmen,;
Sweikhuizen,;
Swichum,;
Swifterbant,;
Swolgen,;
't Goy,;
't Haantje,;
't Harde,;
't Loo,;
't Veld,;
't Waar,;
't Zand,;
't Zandt,;
Taarlo,;
Teeffelen,;
Teerns,;
Tegelen,;
Ten Boer,;
Ten Post,;
Ter Aar,;
Ter Aard,;
Ter Apel,;
Ter Apelkanaal,;
Ter Heijde,;
Ter Idzard,;
Terband,;
Terborg,;
Terheijden,;
Terherne,;
Terhole,;
Terkaple,;
Termunten,;
Termunterzijl,;
Ternaard,;
Terneuzen,;
Teroele,;
Terschuur,;
Tersoal,;
Terwispel,;
Terwolde,;
Teteringen,;
Teuge,;
Thesinge,;
Tholen,;
Thorn,;
Tiel,;
Tiendeveen,;
Tiendeveen,;
Tienhoven,;
Tienhoven,;
Tienray,;
Tijnje,;
Tilburg,;013-2070371 
Tilligte,;
Tinallinge,;
Tinte,;
Tirns,;
Tjalhuizum,;
Tjalleberd,;
Tjerkgaast,;
Tjerkwerd,;
Tjuchem,;
Tolbert,;
Toldijk,;
Tolkamer,;
Tollebeek,;
Tonden,;
Toornwerd,;
Tricht,;
Triemen,;
Tripscompagnie,;
Tubbergen,;
Tuil,;
Tuitjenhorn,;
Tuk,;
Tull en 't Waal,;
Twello,;
Twijzel,;
Twijzelerheide,;
Twisk,;
Tynaarlo,;
Tytsjerk,;
Tzum,;
Tzummarum,;
Ubbena,;
Ubbergen,;
Uddel,;
Uden,;0413-418008 
Udenhout,;
Uffelte,;
Ugchelen,;
Uitdam,;
Uitgeest,;
Uithoorn,;
Uithuizen,;
Uithuizermeeden,;
Uitwellingerga,;
Uitwijk,;
Ulestraten,;
Ulft,;
Ulicoten,;
Ulrum,;
Ulvenhout,;
Ulvenhout AC,;
Ureterp,;
Urk,;
Urmond,;
Ursem,;
Ursem gem. S,;
Usquert,;
Utrecht,;030-7601228 
Vaals,;
Vaassen,;
Valburg,;
Valkenburg,;
Valkenburg,;
Valkenswaard,;040 2319688 
Valthe,;
Valthermond,;
Varik,;
Varsselder,;
Varsseveld,;
Vasse,;
Veelerveen,;
Veen,;
Veendam,;
Veenendaal,;0318-261040 
Veenhuizen,;
Veeningen,;
Veenklooster,;
Veenoord,;
Veere,;
Veessen,;
Vegelinsoord,;
Veghel,;0413-418008 
Velddriel,;
Velden,;
Veldhoven,;040-2319688 
Velp,;
Velp,;
Velsen Noord,;
Velsen Zuid,;
Velserbroek,;
Ven Zelderheide,;
Venebrugge,;
Venhorst,;
Venhuizen,;
Venlo,;
Venray,;0478-226020 
Vessem,;
Vethuizen,;
Veulen,;
Vianen,;
Vianen NB,;
Vierakker,;
Vierhouten,;
Vierhuizen,;
Vierlingsbeek,;
Vierpolders,;
Vijfhuizen,;
Vijlen,;
Vilsteren,;
Vinkega,;
Vinkel,;
Vinkel,;
Vinkenbuurt,;
Vinkeveen,;
Visvliet,;
Vlaardingen,;010-3105140 
Vlagtwedde,;
Vledder,;
Vledderveen,;
Vledderveen,;
Vleuten,;
Vlieland,;
Vlierden,;
Vlijmen,;
Vlissingen,;
Vlist,;
Vlodrop,;
Voerendaal,;
Vogelenzang,;
Vogelwaarde,;
Volendam,;
Volkel,;
Vollenhove,;
Vondelingenplaat Rotterdam,;
Voorburg,;
Voorhout,;
Voorschoten,;
Voorst,;
Voorst,;
Voorthuizen,;
Vorchten,;
Vorden,;
Vorstenbosch,;
Vortum Mullem,;
Vragender,;
Vredenheim,;
Vredepeel,;
Vreeland,;
Vries,;
Vriescheloo,;
Vriezenveen,;
Vroomshoop,;
Vrouwenakker,;
Vrouwenparochie,;
Vrouwenpolder,;
Vught,;
Vuren,;
Waaksens,;
Waal,;
Waalre,;
Waalwijk,;0416-235003 
Waarde,;
Waardenburg,;
Waarder,;
Waardhuizen,;
Waarland,;
Waaxens,;
Wachtum,;
Waddinxveen,;
Wadenoijen,;
Wagenberg,;
Wagenborgen,;
Wageningen,;
Walem,;
Walsoorden,;
Wâlterswâld,;
Wamel,;
Wanneperveen,;
Wanroij,;
Wanssum,;
Wânswert,;
Wapenveld,;
Wapse,;
Wapserveen,;
Warder,;
Warffum,;
Warfhuizen,;
Warfstermolen,;
Warmenhuizen,;
Warmond,;
Warns,;
Warnsveld,;
Warstiens,;
Warten,;
Waskemeer,;
Waspik,;
Wassenaar,;
Wateren,;
Watergang,;
Waterhuizen,;
Wateringen,;
Waterlandkerkje,;
Waverveen,;
Wedde,;
Weerselo,;
Weert,;
Weesp,;0294-224102 
Wehe den Hoorn,;
Wehl,;
Weidum,;
Weiteveen,;
Wekerom,;
Well,;
Well L,;
Wellerlooi,;
Welsum,;
Wemeldinge,;
Wenum Wiesel,;
Wergea,;
Werkendam,;
Werkhoven,;
Wernhout,;
Wervershoof,;
Wesepe,;
Wessem,;
West Graftdijk,;
West Terschelling,;
Westbeemster,;
Westbroek,;
Westdorp,;
Westdorpe,;
Westendorp,;
Westerbeek,;
Westerbork,;
Westerbroek,;
Westeremden,;
Westergeest,;
Westerhaar Vriezenveensewijk,;
Westerhoven,;
Westerland,;
Westerlee,;
Westernieland,;
Westervelde,;
Westervoort,;
Westerwijtwerd,;
Westhem,;
Westhoek,;
Westkapelle,;
Westknollendam,;
Westmaas,;
Westwoud,;
Westzaan,;
Wetering,;
Weteringbrug,;
Wetsens,;
Wetsinge,;
Weurt,;
Wezep,;
Wezup,;
Wezuperbrug,;
Wichmond,;
Wier,;
Wierden,;
Wieringerwaard,;
Wieringerwerf,;
Wierum,;
Wijchen,;
Wijckel,;
Wijdenes,;
Wijdewormer,;
Wijhe,;
Wijk aan Zee,;
Wijk bij Duurstede,;
Wijk en Aalburg,;
Wijlre,;
Wijnaldum,;
Wijnandsrade,;
Wijnbergen,;
Wijngaarden,;
Wijnjewoude,;
Wijster,;
Wilbertoord,;
Wildervank,;
Wilhelminadorp,;
Wilhelminaoord,;
Willemsoord,;
Willemstad,;
Wilnis,;
Wilp,;
Wilsum,;
Winde,;
Windraak,;
Winkel,;
Winneweer,;
Winschoten,;
Winssen,;
Winsum,;
Winsum,;
Wintelre,;
Winterswijk,;
Winterswijk Brinkheurne,;
Winterswijk Corle,;
Winterswijk Henxel,;
Winterswijk Huppel,;
Winterswijk Kotten,;
Winterswijk Meddo,;
Winterswijk Miste,;
Winterswijk Ratum,;
Winterswijk Woold,;
Wirdum,;
Wirdum Gn,;
Wissenkerke,;
Witharen,;
Witmarsum,;
Witte Paarden,;
Wittelte,;
Wittem,;
Witteveen,;
Wiuwert,;
Wjelsryp,;
Woensdrecht,;
Woerden,;0348-220144 
Woerdense Verlaat,;
Wognum,;
Woldendorp,;
Wolfheze,;
Wolphaartsdijk,;
Wolsum,;
Woltersum,;
Wolvega,;088-1881244 
Wommels,;
Wons,;
Workum,;
Wormer,;
Wormerveer,;
Woubrugge,;
Woudbloem,;
Woudenberg,;
Woudrichem,;
Woudsend,;
Wouw,;
Wouwse Plantage,;
Wyns,;
Wytgaard,;
Yde,;
Yerseke,;
Ypecolsga,;
Ysbrechtum,;
Ysselsteyn,;
Zaamslag,;
Zaandam,;075-2071007 
Zaandijk,;
Zalk,;
Zaltbommel,;
Zandberg,;
Zandeweer,;
Zandhuizen,;
Zandpol,;
Zandvoort,;
Zeddam,;
Zeegse,;
Zeeland,;
Zeerijp,;
Zeewolde,;036-7601181 
Zegge,;
Zegveld,;
Zeijen,;
Zeijerveen,;
Zeijerveld,;
Zeist,;030-7601228 
Zelhem,;
Zenderen,;
Zennewijnen,;
Zennewijnen,;
Zetten,;
Zevenaar,;
Zevenbergen,;
Zevenbergschen Hoek,;
Zevenbergschen Hoek,;
Zevenhoven,;
Zevenhuizen,;
Zevenhuizen,;
Zierikzee,;
Zieuwent,;
Zijderveld,;
Zijdewind,;
Zijldijk,;
Zoelen,;
Zoelmond,;
Zoetermeer,;079-7600833
Zoeterwoude,;
Zonnemaire,;
Zorgvlied,;
Zoutelande,;
Zoutkamp,;
Zuid Beijerland,;
Zuid Scharwoude,;
Zuidbroek,;
Zuiddorpe,;
Zuidermeer,;
Zuiderwoude,;
Zuidhorn,;
Zuidlaarderveen,;
Zuidland,;
Zuidlaren,;
Zuidoostbeemster,;
Zuidschermer,;
Zuidveen,;
Zuidveld,;
Zuidvelde,;
Zuidwolde,;
Zuidwolde,;
Zuidzande,;
Zuilichem,;
Zuna,;
Zundert,;
Zurich,;
Zutphen,;0575-229011 
Zuurdijk,;
Zwaag,;
Zwaagdijk Oost,;
Zwaagdijk West,;
Zwaanshoek,;
Zwagerbosch,;
Zwammerdam,;
Zwanenburg,;
Zwartebroek,;
Zwartemeer,;
Zwartewaal,;
Zwartsluis,;
Zweeloo,;
Zweins,;
Zwiggelte,;
Zwijndrecht,;
Zwinderen,;
Zwolle,;038-2038420 
